  180,   106,   583
  237,   221,   530
  267,  -142,   468
  140,  -140,   501
   89,  -101,   513
  174,  -261,   416
  138,  -345,   504
  322,  -522,   426
  363,  -598,   383
  456,  -483,   419
 1098,  -372,   330
 1453,  -425,   299
 1166,  -262,   233
 1127,  -363,   339
 1151,  -711,   652
 1284,  -745,   671
 1577,  -614,   510
 1524,  -373,   525
 1086,   -67,   437
 1018,  -125,   359
 1099,  -484,   295
 1024,  -370,    11
 1094,  -307,   208
 1166,  -430,   567
 1031,  -413,   699
 1003,  -166,   615
  927,  -387,   669
  657,  -460,   495
  352,  -167,   537
  234,   146,   557
  157,   173,   522
   35,   -20,   476
  -83,  -185,   488
 -132,  -197,   502
  -27,  -214,   513
  196,  -379,   485
  408,  -430,   354
  611,  -387,   306
 1032,  -373,   217
 1279,  -274,   229
 1277,  -235,   343
 1459,  -417,   449
 1351,  -592,   608
 1330,  -582,   552
 1485,  -526,   472
 1506,  -528,   505
 1187,  -459,   663
  982,  -226,   422
 1014,  -266,   311
  988,  -351,   272
 1038,  -353,   245
 1133,  -452,   397
 1030,  -385,   620
  969,  -359,   773
  909,  -439,   724
  539,  -467,   495
  158,   -26,   407
  174,   339,   408
  134,   100,   519
   -7,  -178,   503
 -154,  -106,   475
 -146,  -140,   500
   95,  -326,   497
  398,  -482,   420
  616,  -455,   258
  881,  -392,   137
 1249,  -339,   209
 1352,  -300,   381
 1341,  -422,   542
 1351,  -620,   649
 1352,  -583,   568
 1534,  -656,   490
 1376,  -638,   521
 1116,  -360,   547
 1084,  -143,   478
 1045,  -254,   403
  944,  -403,   306
 1048,  -540,   310
 1094,  -497,   421
  997,  -375,   659
  903,  -398,   752
  832,  -588,   632
  456,  -443,   444
   90,    49,   387
  142,   228,   425
  145,   -65,   520
    0,  -188,   566
 -114,  -165,   490
  -80,  -203,   474
   80,  -262,   560
  383,  -366,   482
  678,  -526,   263
  897,  -432,   159
 1107,  -390,   233
 1277,  -346,   402
 1392,  -373,   578
 1293,  -477,   627
 1293,  -513,   488
 1446,  -596,   426
 1387,  -634,   532
 1238,  -570,   647
 1080,  -283,   522
  970,  -191,   350
  927,  -340,   301
 1036,  -518,   373
 1206,  -549,   463
  992,  -459,   575
  879,  -389,   669
  827,  -505,   597
  639,  -564,   486
  321,  -312,   488
  187,   185,   496
   95,   171,   453
  -55,  -136,   556
 -105,  -148,   544
  -32,  -134,   559
   34,  -256,   546
  191,  -344,   516
  385,  -365,   395
  651,  -368,   249
  920,  -381,    84
 1170,  -429,   176
 1416,  -357,   447
 1408,  -348,   701
 1342,  -483,   658
 1386,  -617,   486
 1397,  -715,   402
 1294,  -710,   458
 1166,  -482,   484
 1117,  -187,   419
 1053,  -103,   398
  983,  -321,   369
  999,  -469,   356
 1052,  -527,   433
  957,  -469,   559
  925,  -474,   697
  871,  -674,   610
  651,  -608,   508
  258,  -186,   449
  169,   214,   416
  126,   148,   494
   65,  -144,   585
  -34,  -155,   584
  -59,  -135,   525
  -18,  -202,   515
  197,  -312,   499
  517,  -432,   457
  741,  -455,   274
  917,  -397,   233
 1089,  -352,   269
 1180,  -305,   357
 1378,  -448,   508
 1373,  -585,   596
 1322,  -586,   484
 1432,  -556,   457
 1415,  -582,   507
 1129,  -551,   522
  989,  -302,   381
 1040,  -287,   377
  950,  -387,   327
 1073,  -331,   315
 1359,  -510,   516
 1104,  -360,   626
  801,  -309,   647
  700,  -496,   572
  618,  -581,   434
  405,  -303,   503
  228,    76,   577
  150,    53,   503
    4,  -193,   478
  -27,  -161,   524
  -54,  -131,   592
    8,  -205,   609
   96,  -228,   557
  354,  -320,   446
  639,  -457,   247
  842,  -420,   211
 1023,  -271,   263
 1321,  -296,   373
 1400,  -368,   477
 1279,  -487,   595
 1267,  -589,   485
 1438,  -642,   370
 1391,  -641,   416
 1382,  -602,   582
 1136,  -481,   548
  971,  -223,   297
  849,  -212,   273
 1020,  -405,   325
 1149,  -464,   374
 1165,  -491,   587
 1018,  -421,   687
  903,  -434,   660
  679,  -537,   493
  343,  -447,   446
  177,   -22,   507
  173,   135,   480
   68,  -105,   489
  -11,  -182,   534
  -36,  -133,   500
  -37,  -172,   499
  158,  -236,   524
  394,  -433,   489
  538,  -456,   352
  723,  -461,   197
 1054,  -432,   122
 1311,  -424,   319
 1397,  -355,   596
 1417,  -366,   625
 1334,  -608,   541
 1310,  -661,   490
 1351,  -728,   446
 1249,  -642,   513
 1084,  -367,   439
  959,  -246,   365
  961,  -328,   385
 1041,  -415,   414
 1137,  -516,   484
 1023,  -505,   604
  915,  -437,   655
  895,  -574,   580
  696,  -657,   413
  283,  -315,   442
  138,   164,   468
   70,   162,   442
  -85,  -105,   482
  -37,  -175,   496
  -57,  -107,   528
   52,  -211,   529
  222,  -336,   522
  463,  -384,   461
  746,  -408,   206
 1059,  -395,   106
 1430,  -453,   287
 1259,  -242,   455
 1190,  -328,   608
 1281,  -613,   644
 1482,  -630,   434
 1453,  -701,   404
 1224,  -578,   493
 1125,  -457,   547
 1006,  -336,   395
 1024,  -315,   360
 1124,  -211,   269
 1164,  -348,   330
 1077,  -444,   558
  937,  -523,   607
  917,  -591,   640
  871,  -582,   588
  533,  -399,   426
  165,   -20,   460
  126,   168,   426
   73,   -11,   519
   50,  -202,   572
  -64,  -175,   537
  -86,  -200,   468
   78,  -281,   501
  349,  -366,   483
  555,  -391,   376
  662,  -341,   256
  967,  -377,   203
 1387,  -465,   273
 1437,  -398,   515
 1225,  -386,   612
 1154,  -583,   571
 1348,  -659,   410
 1526,  -699,   397
 1361,  -614,   545
 1140,  -388,   526
 1039,  -267,   408
  926,  -349,   346
  929,  -417,   355
 1148,  -506,   438
 1152,  -537,   496
  962,  -452,   566
  838,  -457,   631
  679,  -495,   538
  449,  -378,   522
  242,    -2,   520
  121,   169,   448
  -31,    15,   419
  -78,  -106,   436
  -94,   -99,   491
   -5,  -228,   509
  209,  -392,   493
  437,  -407,   396
  757,  -362,   262
 1020,  -476,   143
 1059,  -461,   272
 1298,  -389,   476
 1429,  -390,   617
 1408,  -521,   604
 1374,  -496,   501
 1397,  -460,   452
 1281,  -562,   497
 1131,  -547,   478
 1064,  -478,   340
 1002,  -399,   320
  955,  -347,   331
 1020,  -368,   445
 1195,  -476,   583
 1067,  -471,   594
  879,  -439,   627
  707,  -400,   523
  463,  -366,   493
  291,  -138,   555
  251,    95,   538
  112,   -28,   466
  -51,   -90,   498
  -46,  -134,   503
   -8,  -177,   527
   75,  -303,   564
  247,  -361,   492
  511,  -424,   345
  814,  -412,   228
  970,  -384,   244
 1162,  -359,   348
 1371,  -370,   425
 1338,  -486,   538
 1304,  -676,   578
 1395,  -595,   509
 1388,  -593,   424
 1312,  -575,   502
 1139,  -464,   504
 1010,  -294,   304
  944,  -314,   299
  975,  -411,   368
 1047,  -528,   468
 1123,  -511,   584
 1027,  -318,   649
  958,  -311,   668
  729,  -375,   524
  451,  -401,   492
  318,  -100,   541
  218,   159,   553
   64,   -76,   490
  -49,  -212,   432
  -91,  -181,   426
  -88,  -173,   517
   41,  -353,   542
  281,  -454,   502
  533,  -530,   307
  748,  -456,   193
  972,  -355,   161
 1317,  -146,   267
 1552,  -121,   455
 1526,  -428,   621
 1326,  -619,   569
 1478,  -699,   507
 1394,  -753,   487
 1235,  -708,   602
 1049,  -344,   500
 1051,  -126,   375
 1024,  -230,   403
  988,  -405,   420
 1071,  -408,   451
 1057,  -566,   447
  961,  -589,   566
  788,  -459,   577
  557,  -394,   579
  325,  -200,   513
  161,   111,   471
   26,   127,   408
  -67,   -48,   441
 -101,  -128,   488
 -125,  -169,   492
   12,  -288,   458
  360,  -444,   346
  718,  -442,   177
  938,  -405,    73
 1172,  -468,   197
 1438,  -246,   487
 1527,  -380,   805
 1377,  -612,   779
 1473,  -700,   552
 1371,  -752,   307
 1126,  -553,   413
 1195,  -315,   524
 1127,  -183,   468
  977,  -248,   470
  983,  -415,   396
 1146,  -678,   455
 1035,  -630,   485
  931,  -500,   524
  881,  -431,   574
  651,  -327,   545
  351,  -179,   532
  205,   100,   458
   33,   160,   407
 -127,    42,   449
 -146,    -6,   452
 -111,   -96,   447
   12,  -172,   484
  360,  -354,   359
  752,  -507,    59
 1013,  -663,    12
 1119,  -449,   310
 1521,   -98,   474
 1405,  -269,   632
 1367,  -464,   563
 1674,  -582,   394
 1433,  -651,   470
 1356,  -603,   529
 1256,  -527,   557
  975,  -364,   356
  803,  -278,   274
 1013,  -473,   305
 1148,  -588,   325
 1123,  -541,   599
 1039,  -491,   775
  763,  -326,   615
  490,  -294,   529
  380,  -263,   408
  319,   -45,   397
  202,   120,   374
  -30,   158,   383
 -113,    -3,   452
 -115,   -47,   545
   -5,  -134,   593
  346,  -266,   372
  752,  -444,   241
 1154,  -704,    72
 1186,  -493,   201
 1239,  -204,   433
 1404,  -349,   575
 1265,  -643,   604
 1436,  -696,   501
 1476,  -641,   497
 1358,  -604,   525
 1210,  -436,   558
 1111,  -311,   379
  940,  -336,   301
  964,  -415,   257
 1058,  -538,   289
  983,  -580,   424
 1065,  -588,   676
  953,  -391,   709
  680,  -421,   540
  437,  -378,   427
  315,   -16,   450
  278,   288,   577
  121,   138,   544
  -23,    68,   472
  -17,    79,   447
  -47,   -73,   465
   45,  -260,   486
  406,  -470,   443
  944,  -793,   238
  857,  -612,   160
  875,  -490,   208
 1323,  -314,   313
 1506,  -285,   486
 1498,  -484,   624
 1435,  -458,   536
 1351,  -628,   439
 1326,  -676,   481
 1206,  -587,   563
 1090,  -293,   452
  985,  -181,   339
  952,  -325,   395
 1022,  -587,   490
 1089,  -558,   490
 1028,  -510,   566
  855,  -435,   638
  606,  -435,   467
  290,  -333,   467
  182,    -1,   477
  127,   211,   434
  -45,    24,   449
 -112,   -84,   427
 -119,  -111,   491
   66,  -232,   484
  363,  -424,   421
  685,  -407,   247
  934,  -396,   134
 1114,  -352,   190
 1301,  -324,   318
 1516,  -383,   537
 1416,  -610,   741
 1399,  -660,   608
 1555,  -688,   455
 1372,  -805,   519
 1029,  -547,   500
 1088,  -213,   346
  969,  -299,   386
  928,  -424,   408
 1172,  -402,   384
 1217,  -479,   463
 1045,  -484,   606
  818,  -454,   652
  584,  -448,   533
  310,  -353,   477
  153,   -49,   414
  135,   128,   422
   24,   -40,   477
 -108,  -151,   461
 -119,   -90,   472
  -38,  -130,   489
  265,  -332,   453
  687,  -441,   292
  842,  -428,    32
  982,  -386,   116
 1373,  -399,   261
 1558,  -243,   583
 1499,  -413,   795
 1415,  -540,   584
 1508,  -697,   446
 1286,  -834,   378
 1132,  -675,   499
 1090,  -363,   395
 1082,  -173,   323
  975,  -229,   390
 1025,  -353,   433
 1155,  -451,   425
 1087,  -435,   520
 1007,  -451,   683
  812,  -466,   621
  451,  -413,   476
  145,  -232,   471
  150,   137,   426
  102,    92,   483
  -17,  -179,   463
 -120,  -160,   451
  -97,  -151,   477
   85,  -244,   464
  419,  -382,   414
  755,  -475,   213
  999,  -447,   162
 1096,  -391,   297
 1307,  -269,   426
 1454,  -323,   532
 1373,  -559,   594
 1422,  -622,   508
 1431,  -673,   457
 1349,  -674,   514
 1220,  -558,   631
 1048,  -344,   394
  993,  -207,   278
  997,  -335,   362
 1076,  -502,   399
 1140,  -440,   490
 1002,  -457,   664
  869,  -467,   633
  744,  -486,   519
  425,  -395,   457
  134,   -67,   504
  136,   247,   441
   -3,   106,   445
  -61,   -87,   468
  -55,  -161,   521
  -56,  -164,   506
  112,  -223,   477
  417,  -373,   347
  800,  -489,   158
 1055,  -494,   106
 1200,  -395,   247
 1446,  -310,   476
 1465,  -371,   679
 1351,  -632,   651
 1384,  -663,   478
 1447,  -728,   432
 1342,  -668,   594
 1123,  -400,   595
 1037,  -169,   392
  962,  -303,   356
  955,  -548,   358
 1062,  -614,   351
 1043,  -519,   407
  940,  -444,   605
  838,  -402,   672
  613,  -356,   601
  323,  -271,   570
  220,     2,   469
   84,   141,   420
  -40,   -10,   436
  -89,  -154,   415
 -114,  -204,   480
   20,  -285,   537
  268,  -385,   506
  564,  -350,   396
  862,  -492,   201
 1112,  -509,   165
 1156,  -415,   270
 1310,  -258,   497
 1423,  -436,   648
 1395,  -526,   616
 1500,  -536,   477
 1375,  -662,   481
 1182,  -666,   552
 1096,  -528,   441
 1107,  -305,   313
  920,  -236,   343
  971,  -366,   448
 1169,  -503,   477
 1030,  -499,   512
  883,  -333,   617
  756,  -374,   600
  515,  -396,   547
  329,  -237,   584
  309,     3,   528
  204,   -10,   514
   37,  -148,   440
  -70,  -158,   430
  -82,  -239,   456
    9,  -270,   495
  197,  -348,   491
  505,  -440,   374
  835,  -477,   220
 1055,  -319,   184
 1167,  -231,   296
 1440,  -213,   450
 1471,  -516,   669
 1311,  -610,   580
 1443,  -732,   460
 1426,  -791,   386
 1251,  -674,   540
 1051,  -368,   484
 1121,  -247,   325
 1072,  -285,   313
 1017,  -281,   376
 1001,  -390,   443
 1045,  -487,   536
 1035,  -393,   605
 1006,  -463,   655
  614,  -399,   563
  205,  -292,   519
  203,    31,   409
   63,   118,   391
  -90,    17,   411
 -116,  -125,   409
  -68,  -171,   467
  107,  -268,   479
  309,  -450,   359
  538,  -498,   181
  918,  -493,    86
 1286,  -358,   132
 1486,  -123,   332
 1611,  -203,   649
 1447,  -655,   787
 1400,  -704,   486
 1455,  -786,   377
 1279,  -851,   505
 1125,  -569,   525
 1179,  -317,   342
  994,  -142,   289
 1028,  -242,   399
 1107,  -442,   432
 1045,  -447,   448
  999,  -514,   626
  876,  -507,   646
  504,  -410,   498
  198,  -298,   517
  214,   -42,   393
   88,    70,   418
  -96,   -26,   406
 -139,  -157,   360
 -155,  -204,   425
   39,  -268,   431
  451,  -434,   377
  802,  -416,   259
  982,  -359,   297
 1209,  -300,   295
 1397,  -273,   383
 1483,  -468,   587
 1342,  -874,   609
 1468,  -818,   502
 1452,  -817,   552
 1345,  -677,   722
 1004,  -209,   502
  939,  -234,   303
 1108,  -507,   323
 1161,  -610,   358
 1150,  -610,   578
 1034,  -429,   703
  807,  -375,   526
  574,  -498,   417
  251,  -237,   393
  120,    85,   471
   87,   150,   424
  -46,    19,   432
 -149,   -39,   424
 -125,  -119,   444
  -15,  -209,   478
  282,  -303,   411
  670,  -446,   139
 1186,  -640,   -37
 1221,  -597,   145
 1365,  -249,   497
 1477,  -348,   750
 1409,  -517,   668
 1604,  -671,   524
 1473,  -961,   572
 1262,  -892,   669
 1085,  -431,   577
  979,  -208,   395
  874,  -327,   358
 1154,  -620,   399
 1176,  -707,   332
  926,  -582,   434
  741,  -454,   533
  573,  -311,   581
  331,  -188,   533
  149,   103,   491
   17,   160,   362
 -114,   101,   435
  -94,   -10,   410
  -79,  -151,   453
   47,  -274,   490
  432,  -310,   312
  909,  -365,   145
 1311,  -482,   118
 1148,  -420,   338
 1296,  -316,   535
 1399,  -574,   697
 1476,  -634,   617
 1597,  -613,   481
 1370,  -742,   541
 1166,  -742,   659
 1091,  -502,   475
 1075,  -282,   326
  991,  -299,   383
 1016,  -445,   465
 1098,  -570,   488
  924,  -527,   504
  788,  -454,   591
  673,  -348,   540
  391,  -230,   526
  164,    38,   481
   24,   148,   427
 -106,    62,   457
 -113,  -118,   437
  -95,  -253,   452
   11,  -293,   454
  318,  -377,   402
  735,  -396,   190
 1069,  -443,    86
 1137,  -453,   202
 1290,  -355,   416
 1466,  -394,   621
 1465,  -535,   753
 1526,  -541,   574
 1442,  -705,   463
 1263,  -820,   572
 1071,  -635,   533
 1088,  -362,   403
 1024,  -301,   405
 1022,  -418,   426
 1186,  -400,   452
 1036,  -338,   495
  854,  -416,   592
  700,  -483,   572
  557,  -400,   495
  211,   -77,   566
  130,   119,   424
  -37,    35,   372
 -109,   -77,   394
 -104,  -173,   432
  -59,  -222,   483
  150,  -305,   472
  544,  -434,   323
  890,  -414,   120
 1081,  -347,   148
 1255,  -306,   281
 1542,  -231,   508
 1578,  -488,   771
 1455,  -544,   686
 1428,  -691,   460
 1307,  -870,   517
 1144,  -736,   574
 1178,  -417,   458
 1158,  -219,   399
  961,  -240,   421
 1008,  -315,   469
 1052,  -563,   469
  992,  -617,   550
  810,  -522,   579
  577,  -350,   538
  227,  -218,   452
  126,   175,   385
   54,   167,   357
  -32,   -55,   500
  -97,   -84,   458
  -65,  -142,   439
   93,  -239,   402
  402,  -289,   306
  913,  -385,   195
 1312,  -606,    86
 1171,  -504,   266
 1326,  -450,   465
 1334,  -530,   691
 1377,  -511,   659
 1739,  -497,   579
 1503,  -735,   695
 1211,  -607,   591
 1013,  -241,   365
  944,  -221,   204
 1138,  -288,   300
 1176,  -599,   434
 1011,  -551,   506
  882,  -467,   662
  796,  -465,   596
  654,  -533,   435
  303,  -333,   419
  165,   119,   448
   67,   119,   403
  -65,   -97,   422
  -51,   -76,   409
 -102,  -183,   479
   32,  -288,   495
  350,  -357,   365
  761,  -398,   242
 1141,  -596,   163
 1126,  -497,   263
 1239,  -243,   446
 1421,  -330,   564
 1515,  -409,   621
 1545,  -441,   495
 1403,  -749,   532
 1310,  -924,   635
 1075,  -665,   527
 1066,  -227,   372
 1009,  -142,   465
  998,  -348,   533
 1038,  -436,   487
  966,  -560,   501
  894,  -577,   587
  727,  -462,   529
  420,  -316,   473
  181,   -86,   460
  107,    72,   347
 -100,   -67,   442
 -123,  -127,   411
  -83,  -211,   437
   14,  -238,   527
  195,  -327,   494
  508,  -363,   375
  954,  -395,   180
 1210,  -412,   179
 1186,  -353,   297
 1444,  -342,   507
 1371,  -546,   731
 1398,  -565,   630
 1500,  -603,   486
 1345,  -762,   537
 1128,  -755,   621
 1123,  -497,   476
 1068,  -227,   383
  950,  -241,   416
 1076,  -451,   475
 1131,  -506,   451
  998,  -452,   533
  868,  -410,   661
  664,  -473,   513
  277,  -264,   474
  118,    56,   405
   12,   106,   349
 -100,   -88,   426
 -136,  -144,   407
 -128,  -195,   467
   65,  -350,   464
  418,  -511,   370
  701,  -333,   187
  858,  -295,   157
 1247,  -321,   207
 1568,  -244,   463
 1649,  -436,   735
 1312,  -644,   692
 1410,  -737,   485
 1402,  -948,   520
 1244,  -928,   610
 1063,  -460,   555
 1020,  -175,   400
 1043,  -223,   407
 1140,  -548,   480
 1116,  -575,   435
  995,  -475,   486
  839,  -515,   561
  629,  -478,   503
  261,  -292,   431
   35,   130,   433
  -46,   188,   355
 -104,   -18,   458
  -99,   -92,   440
  -22,  -179,   443
  169,  -149,   424
  444,  -190,   392
  774,  -424,   188
 1091,  -550,    67
 1279,  -539,   249
 1405,  -413,   462
 1405,  -467,   725
 1374,  -497,   658
 1565,  -582,   464
 1416,  -814,   474
 1269,  -840,   618
 1148,  -382,   521
 1047,   -71,   397
  979,  -204,   428
 1137,  -486,   445
 1128,  -496,   373
 1028,  -380,   512
  908,  -373,   617
  592,  -372,   521
  241,  -330,   537
  122,   -28,   436
   -3,   127,   393
  -75,   -37,   410
 -105,  -140,   392
 -119,  -223,   455
   31,  -220,   459
  401,  -301,   518
  894,  -339,   234
 1017,  -365,    31
 1034,  -507,    54
 1392,  -431,   350
 1546,  -397,   767
 1415,  -409,   887
 1587,  -472,   581
 1467,  -698,   411
 1163,  -866,   568
 1110,  -616,   485
 1115,  -226,   345
 1076,  -177,   453
 1123,  -318,   486
 1186,  -377,   451
  965,  -422,   533
  787,  -449,   523
  644,  -537,   458
  355,  -446,   511
  156,  -178,   555
  122,    18,   400
  -99,  -135,   364
 -108,   -58,   380
  -12,  -168,   478
   36,  -215,   548
  191,  -280,   481
  535,  -318,   302
  926,  -321,   200
 1220,  -452,   138
 1214,  -357,   314
 1351,  -356,   482
 1411,  -610,   698
 1534,  -584,   645
 1528,  -643,   594
 1295,  -778,   580
 1152,  -745,   531
 1110,  -443,   315
 1078,  -234,   323
 1034,  -283,   409
 1071,  -452,   457
 1029,  -428,   452
  929,  -441,   557
  833,  -458,   606
  712,  -429,   555
  368,  -296,   523
  186,     0,   441
   83,   154,   377
  -66,    35,   406
  -54,   -98,   443
  -89,  -223,   507
  -20,  -206,   475
  296,  -275,   360
  728,  -308,   240
 1170,  -488,    63
 1084,  -400,   165
 1345,  -341,   345
 1590,  -508,   630
 1374,  -609,   718
 1528,  -565,   572
 1479,  -730,   450
 1282,  -826,   542
 1169,  -568,   531
 1142,  -147,   369
  921,  -190,   432
  900,  -398,   449
 1078,  -525,   417
 1144,  -624,   439
 1013,  -591,   574
  732,  -443,   532
  427,  -401,   457
  228,  -116,   477
   89,   170,   444
  -42,    90,   434
 -114,   -88,   438
 -124,  -148,   473
  -38,  -186,   498
  190,  -307,   433
  497,  -333,   367
  809,  -292,   161
 1121,  -338,    79
 1302,  -467,   236
 1414,  -359,   516
 1349,  -525,   782
 1362,  -618,   656
 1617,  -648,   483
 1422,  -766,   532
 1157,  -768,   608
 1094,  -371,   381
 1071,  -227,   363
  956,  -371,   394
 1057,  -448,   383
 1090,  -552,   385
  954,  -466,   528
  899,  -497,   641
  840,  -559,   553
  496,  -376,   515
  173,    68,   453
  116,   241,   373
    2,    27,   426
  -75,   -93,   440
  -90,  -115,   453
    7,  -202,   480
  222,  -348,   451
  532,  -455,   293
  940,  -468,    80
 1139,  -448,   191
 1316,  -320,   363
 1398,  -256,   548
 1349,  -554,   688
 1452,  -665,   551
 1499,  -764,   387
 1346,  -868,   482
 1172,  -713,   562
 1086,  -293,   420
 1044,  -151,   387
 1055,  -306,   449
 1128,  -478,   398
 1040,  -527,   383
  913,  -498,   594
  849,  -441,   611
  698,  -458,   512
  326,  -280,   444
  123,    80,   405
   66,    76,   420
  -30,  -126,   451
  -75,  -122,   478
  -46,  -125,   445
   88,  -226,   427
  329,  -290,   394
  664,  -362,   308
 1084,  -470,   150
 1122,  -389,   205
 1360,  -359,   358
 1448,  -442,   623
 1304,  -621,   707
 1483,  -601,   563
 1572,  -749,   506
 1255,  -872,   576
 1030,  -565,   478
 1013,  -266,   316
 1083,  -290,   363
 1103,  -423,   453
 1113,  -426,   517
 1082,  -434,   526
  912,  -506,   603
  732,  -545,   473
  484,  -416,   440
  130,   -36,   510
   79,   127,   412
  -25,   -43,   425
 -129,  -120,   414
 -130,  -126,   394
  -41,  -217,   414
  237,  -339,   402
  567,  -399,   294
  823,  -371,   162
 1115,  -447,   128
 1393,  -412,   365
 1536,  -379,   618
 1231,  -503,   828
 1385,  -552,   616
 1615,  -718,   528
 1360,  -877,   580
 1207,  -683,   660
 1010,  -297,   447
  920,  -261,   347
 1109,  -542,   407
 1328,  -545,   427
 1059,  -516,   481
  854,  -427,   563
  650,  -475,   478
  451,  -343,   461
  138,   -10,   526
   14,   251,   382
 -137,    86,   397
 -168,   -12,   394
 -159,  -100,   377
   20,  -233,   419
  351,  -315,   435
  742,  -374,   249
 1020,  -458,   117
 1135,  -472,   238
 1293,  -307,   485
 1517,  -351,   726
 1390,  -525,   671
 1417,  -688,   404
 1478,  -865,   431
 1456,  -976,   665
 1142,  -581,   641
  984,  -131,   430
  901,  -261,   329
 1077,  -531,   396
 1093,  -596,   437
 1068,  -420,   530
  979,  -388,   662
  770,  -399,   553
  392,  -312,   467
   87,    35,   407
  -21,   233,   349
 -131,     5,   383
 -108,  -123,   357
 -111,  -203,   390
    5,  -302,   379
  275,  -333,   339
  673,  -393,   230
 1163,  -480,    79
 1226,  -438,   237
 1478,  -402,   514
 1541,  -478,   790
 1311,  -570,   736
 1550,  -598,   535
 1423,  -762,   526
 1194,  -765,   562
 1122,  -545,   537
 1064,  -339,   453
 1031,  -403,   421
 1092,  -429,   476
 1084,  -444,   472
  997,  -588,   488
  816,  -538,   469
  547,  -304,   454
  173,  -123,   531
   93,   117,   457
  -53,     2,   399
  -90,   -75,   392
 -118,  -105,   350
  -90,  -141,   404
   67,  -223,   446
  495,  -334,   379
  980,  -410,   140
 1103,  -393,   152
 1294,  -383,   308
 1511,  -420,   569
 1367,  -569,   745
 1394,  -546,   608
 1580,  -667,   480
 1351,  -913,   518
 1115,  -726,   583
 1052,  -310,   510
 1049,  -207,   447
 1067,  -323,   402
 1102,  -477,   432
 1080,  -572,   504
 1013,  -555,   560
  883,  -672,   449
  559,  -492,   428
  238,  -203,   538
  188,   212,   421
   13,   149,   392
  -37,    -6,   459
  -55,   -85,   457
 -101,  -163,   526
    8,  -258,   466
  288,  -274,   395
  657,  -378,   232
  965,  -545,   100
 1139,  -393,   209
 1293,  -284,   348
 1482,  -386,   553
 1426,  -617,   699
 1474,  -631,   578
 1502,  -698,   463
 1302,  -822,   502
 1179,  -622,   486
 1136,  -223,   355
 1059,  -164,   366
 1048,  -338,   444
 1055,  -455,   453
 1051,  -506,   443
  965,  -425,   518
  859,  -471,   593
  646,  -443,   515
  335,  -304,   548
  162,   -51,   487
   62,    54,   382
 -109,   -43,   421
  -82,   -86,   425
  -88,  -162,   463
  -11,  -280,   507
  279,  -273,   375
  643,  -372,   256
  882,  -409,    33
 1179,  -421,   123
 1421,  -287,   318
 1589,  -298,   607
 1446,  -563,   781
 1478,  -613,   602
 1526,  -778,   458
 1290,  -925,   510
 1173,  -683,   537
 1143,  -186,   429
 1014,  -147,   402
 1021,  -307,   435
 1158,  -529,   432
 1064,  -541,   399
  907,  -511,   514
  761,  -509,   522
  375,  -357,   518
  140,  -142,   547
  137,    77,   375
   33,    67,   360
  -87,   -55,   370
 -145,  -116,   379
  -57,  -211,   467
  205,  -289,   454
  552,  -408,   306
  962,  -466,    69
 1247,  -473,   167
 1287,  -312,   362
 1337,  -331,   526
 1406,  -589,   662
 1563,  -630,   526
 1535,  -651,   516
 1375,  -653,   601
 1317,  -667,   648
 1314,  -363,   470
  940,  -145,   338
  899,  -193,   391
 1169,  -504,   463
  935,  -526,   423
  891,  -400,   544
  940,  -570,   594
  553,  -540,   443
   55,  -121,   442
    9,   146,   358
  -42,   132,   386
 -119,   -27,   469
  -71,   -52,   416
   13,  -256,   424
  205,  -325,   401
  518,  -319,   337
 1030,  -412,   104
 1228,  -481,    71
 1139,  -383,   259
 1496,  -420,   530
 1448,  -661,   750
 1493,  -629,   573
 1663,  -664,   558
 1423,  -780,   600
 1063,  -666,   599
 1016,  -419,   388
 1011,  -342,   285
 1045,  -484,   340
 1210,  -467,   402
 1101,  -392,   510
  908,  -313,   615
  718,  -343,   558
  523,  -289,   511
  218,  -149,   465
   72,    29,   397
  -50,   -43,   325
 -180,   -17,   353
 -132,  -119,   402
   81,  -255,   428
  269,  -322,   402
  494,  -325,   321
 1023,  -500,   108
 1264,  -504,   123
 1262,  -331,   317
 1511,  -351,   586
 1392,  -637,   745
 1446,  -680,   635
 1515,  -775,   554
 1331,  -742,   548
 1048,  -415,   636
 1078,  -340,   477
 1119,  -403,   319
 1085,  -470,   320
 1166,  -519,   410
 1063,  -492,   511
  902,  -496,   546
  702,  -585,   470
  367,  -311,   484
  115,    29,   465
    1,   140,   390
  -69,    10,   384
  -95,   -42,   357
 -109,  -101,   463
  -18,  -252,   444
  200,  -308,   361
  626,  -432,   256
 1138,  -489,    14
 1209,  -424,   197
 1327,  -276,   377
 1507,  -366,   626
 1422,  -623,   721
 1559,  -556,   529
 1500,  -767,   506
 1262,  -823,   567
 1122,  -637,   556
 1136,  -341,   416
 1033,  -330,   392
 1137,  -358,   428
 1224,  -408,   426
  995,  -395,   493
  760,  -396,   542
  634,  -486,   474
  306,  -340,   496
   94,   -23,   503
   38,   122,   367
  -98,   -20,   345
  -88,  -114,   340
  -64,  -150,   377
   84,  -213,   400
  343,  -275,   367
  752,  -372,   172
 1187,  -595,    29
 1290,  -504,   242
 1517,  -292,   577
 1469,  -495,   744
 1296,  -598,   566
 1588,  -747,   473
 1416,  -892,   539
 1291,  -759,   657
 1138,  -366,   567
 1021,  -162,   352
 1065,  -352,   366
 1240,  -418,   415
  993,  -437,   470
  828,  -480,   572
  875,  -550,   497
  583,  -350,   492
  182,   -81,   478
   99,   108,   359
  -40,    87,   386
 -123,    -7,   378
 -159,   -25,   350
  -99,   -84,   412
  202,  -253,   409
  678,  -431,   252
 1028,  -488,    26
 1184,  -497,   124
 1430,  -509,   394
 1499,  -445,   761
 1428,  -551,   781
 1578,  -502,   579
 1489,  -550,   501
 1189,  -620,   591
 1065,  -563,   571
 1243,  -492,   425
 1040,  -397,   440
 1007,  -479,   467
 1194,  -501,   418
 1031,  -483,   497
  806,  -336,   531
  543,  -294,   481
  225,  -135,   484
   38,   189,   419
  -32,   163,   384
  -17,   -52,   399
 -130,  -131,   365
 -106,  -125,   358
  175,  -239,   393
  506,  -338,   285
  902,  -446,    69
 1363,  -575,     3
 1430,  -531,   257
 1529,  -448,   629
 1295,  -290,   931
 1568,  -281,   657
 1614,  -727,   501
 1340, -1038,   634
 1171,  -531,   535
 1083,   -98,   371
 1000,  -208,   341
 1197,  -542,   413
 1192,  -578,   367
  999,  -503,   496
  823,  -409,   572
  594,  -432,   444
  187,  -257,   520
   93,    21,   423
   -4,   128,   377
  -74,   -54,   384
  -72,   -78,   397
  -94,  -159,   401
   46,  -291,   399
  372,  -301,   346
  764,  -351,   197
 1270,  -476,    46
 1291,  -366,   261
 1479,  -369,   467
 1426,  -549,   720
 1347,  -598,   646
 1624,  -691,   474
 1504,  -959,   533
 1216,  -746,   629
 1108,  -200,   469
 1095,   -68,   356
 1048,  -282,   393
 1136,  -459,   387
 1115,  -577,   450
  994,  -535,   569
  793,  -465,   532
  498,  -400,   458
  217,  -242,   417
   84,    20,   377
   -8,   126,   389
 -102,   -37,   439
  -96,   -53,   421
  -40,  -122,   440
  162,  -218,   441
  431,  -274,   356
  852,  -393,   180
 1263,  -538,    29
 1238,  -471,   200
 1463,  -355,   483
 1417,  -564,   782
 1407,  -578,   666
 1662,  -631,   515
 1403,  -797,   541
 1175,  -698,   596
 1091,  -319,   400
 1072,  -246,   334
 1089,  -435,   353
 1113,  -558,   375
 1023,  -504,   424
  867,  -362,   591
  767,  -343,   616
  611,  -437,   554
  276,  -221,   492
  115,    69,   397
  -19,    47,   355
 -130,   -79,   335
 -155,  -100,   361
  -45,  -193,   430
  142,  -292,   402
  431,  -452,   352
  856,  -513,   182
 1231,  -483,   164
 1230,  -342,   311
 1425,  -281,   510
 1423,  -492,   669
 1396,  -550,   594
 1611,  -625,   484
 1469,  -803,   532
 1199,  -751,   605
 1052,  -320,   418
  983,  -274,   303
 1059,  -437,   334
 1186,  -586,   377
 1005,  -498,   503
  896,  -372,   642
  840,  -410,   582
  624,  -407,   471
  252,  -198,   460
  150,    14,   447
   71,    31,   386
 -112,   -86,   371
 -144,  -103,   405
  -36,  -131,   409
  121,  -324,   394
  414,  -427,   396
  736,  -322,   237
 1137,  -343,   150
 1240,  -362,   175
 1529,  -246,   353
 1600,  -506,   684
 1347,  -657,   745
 1584,  -683,   546
 1500,  -910,   545
 1231,  -739,   602
 1034,  -227,   446
 1044,  -206,   311
 1121,  -461,   347
 1146,  -524,   425
 1029,  -456,   485
  977,  -425,   590
  817,  -394,   558
  487,  -391,   469
  185,   -99,   466
   83,   160,   367
  -48,    56,   329
 -164,   -84,   345
 -152,  -115,   364
  -32,  -218,   397
  230,  -353,   343
  569,  -386,   277
 1025,  -369,    78
 1342,  -336,   133
 1537,  -249,   301
 1557,  -398,   650
 1301,  -751,   808
 1659,  -655,   619
 1590,  -851,   554
 1348,  -705,   649
 1089,  -272,   523
 1005,   -96,   284
 1050,  -396,   392
 1121,  -596,   434
